[
    {
        "id": 1,
        "priority": 1,
        "action": {
            "type": "modifyHeaders",
            "responseHeaders": [
                {
                  "header": "Content-Security-Policy",
                  "operation": "remove"
                },
                {
                  "header": "content-security-policy",
                  "operation": "remove"
                },
                {
                  "header": "X-Frame-Options",
                  "operation": "remove"
                },
                {
                  "header": "x-frame-options",
                  "operation": "remove"
                }
            ]
        },
        "condition": {
          "urlFilter": "*://*.prodigygame.com/*",
          "resourceTypes": ["main_frame", "sub_frame", "stylesheet", "script", "image", "font", "object", "xmlhttprequest", "ping", "csp_report", "media", "websocket", "webtransport", "webbundle", "other"]
        }
    }
    
]